Number_of_Riders,Number_of_Drivers,Location_Category,Customer_Loyalty_Status,Number_of_Past_Rides,Average_Ratings,Time_of_Booking,Vehicle_Type,Expected_Ride_Duration,Historical_Cost_of_Ride
57,79,Rural,Gold,49,4.719450137071888,Afternoon,Economy,17,448.5978538223173
70,46,Suburban,Gold,85,4.039723480150606,Night,Economy,121,156.69744949941375
92,26,Urban,Gold,53,4.140600803171859,Morning,Economy,63,489.9281316656018
86,78,Suburban,Gold,38,3.7382735745000932,Evening,Premium,111,713.5347362923825
63,60,Rural,Gold,40,3.602772489502692,Afternoon,Premium,114,603.0496338516363
72,72,Rural,Regular,29,4.156923833519103,Afternoon,Economy,55,772.3090745900301
94,60,Suburban,Gold,0,4.123670295419476,Evening,Premium,97,658.3180579163138
69,8,Rural,Regular,65,4.240266157973152,Afternoon,Economy,117,175.05985171806506
43,35,Urban,Regular,97,4.013562575890142,Night,Premium,40,422.8964165039473
72,29,Suburban,Gold,3,3.9002638936305583,Afternoon,Premium,156,626.7437819170949
93,38,Rural,Gold,67,4.963520310167144,Afternoon,Premium,72,464.58250954259876
95,45,Urban,Silver,95,3.8619349747365135,Evening,Premium,58,785.7840368604941
89,44,Suburban,Regular,60,4.889610335105923,Night,Economy,76,541.2752593014956
58,12,Suburban,Gold,21,4.803269322355094,Morning,Premium,10,460.89301484617755
88,66,Urban,Regular,8,3.9004140576204067,Morning,Premium,132,681.2303709535994
62,75,Suburban,Silver,7,4.1498630621455135,Morning,Premium,71,328.85357229625936
51,88,Suburban,Regular,10,4.770053281455635,Night,Premium,87,266.6794691104318
80,37,Urban,Silver,25,4.150081146700473,Morning,Economy,49,496.91453719716105
46,56,Suburban,Regular,55,4.584656102152167,Morning,Economy,171,482.0375662337712
72,25,Rural,Gold,45,3.7921614178441736,Afternoon,Premium,143,138.24881221636895
72,45,Suburban,Regular,31,3.513721236781109,Evening,Premium,18,591.8443260063855
76,11,Rural,Gold,9,3.742149612990707,Afternoon,Economy,140,201.24381332428396
61,34,Rural,Regular,53,4.7537686041920075,Afternoon,Premium,35,541.2271353815667
56,81,Urban,Silver,81,4.357875781311345,Afternoon,Economy,132,88.50756959369187
30,82,Urban,Silver,62,4.587647083885354,Afternoon,Premium,115,691.9987989552249
41,23,Suburban,Regular,92,3.688127909003612,Evening,Economy,152,790.2834773440491
62,87,Rural,Silver,81,3.655206842582764,Evening,Economy,24,685.9409452098984
99,73,Urban,Silver,31,4.503150794532636,Night,Economy,131,519.0438117676422
45,18,Urban,Regular,27,4.33339796197627,Evening,Economy,137,730.9201453199247
30,18,Rural,Silver,31,3.7452782651839027,Morning,Premium,154,434.69880034026716
69,10,Rural,Gold,49,4.165935859304444,Morning,Economy,84,462.71676262140363
99,68,Rural,Gold,47,4.602277270854341,Morning,Premium,23,608.1671600240537
53,79,Urban,Silver,43,4.3144141246748395,Evening,Premium,29,121.45076833353268
27,18,Urban,Gold,75,4.699849988751942,Afternoon,Economy,104,403.4076206542634
72,61,Urban,Gold,43,3.53863793596358,Evening,Economy,115,323.6694889979197
75,79,Urban,Gold,14,4.630576836025422,Night,Economy,71,805.9706644208447
90,31,Suburban,Gold,22,4.478183530831371,Evening,Premium,67,689.4246837725808
58,71,Rural,Regular,73,4.448326506504961,Morning,Economy,120,78.48550061845307
30,34,Urban,Gold,94,4.635174592082854,Afternoon,Economy,153,619.2499638027707
84,84,Suburban,Gold,8,4.180968571163382,Evening,Premium,24,828.6282143135438
84,6,Suburban,Regular,23,4.303404423372498,Morning,Premium,90,506.4249974831162
49,35,Suburban,Gold,59,4.875869744724139,Night,Economy,137,348.966638966151
72,16,Urban,Silver,25,3.650732883850315,Afternoon,Premium,70,246.02317955630977
52,18,Rural,Silver,61,4.15895158969438,Morning,Economy,21,598.500511514557
88,53,Urban,Silver,17,4.655529777418767,Afternoon,Economy,17,396.08219719854793
89,10,Rural,Regular,45,4.6428019151842435,Afternoon,Economy,35,207.65886681121694
31,14,Urban,Gold,24,4.901399034420714,Evening,Economy,14,599.3665773150111
42,63,Suburban,Gold,38,4.899495343251007,Morning,Premium,111,664.7847991542338
53,40,Rural,Silver,45,4.976404012662086,Afternoon,Economy,89,306.517427912424
46,49,Rural,Silver,52,3.555042526233355,Afternoon,Premium,149,126.67600064051176
84,74,Suburban,Gold,23,4.687361596130049,Night,Premium,50,712.6868126758932
98,31,Rural,Silver,92,3.957183989212001,Afternoon,Economy,65,486.6041395323305
23,60,Urban,Silver,77,4.865751342427881,Morning,Economy,79,805.6361652763572
60,55,Urban,Silver,34,4.096747486863591,Afternoon,Premium,117,339.2811127204442
67,75,Suburban,Silver,81,3.54375058093871,Afternoon,Economy,141,539.4081438094707
81,28,Rural,Gold,94,4.738435554337483,Night,Economy,167,262.82874877380823
61,84,Suburban,Gold,57,4.423520045086304,Night,Economy,124,505.29138752952855
58,9,Rural,Regular,75,4.423610503061406,Afternoon,Economy,96,453.4641982217664
69,41,Suburban,Regular,28,3.5249965404522916,Night,Premium,132,725.0354400386502
99,36,Urban,Regular,68,3.5682485967326985,Night,Premium,46,648.4008941304581
49,67,Urban,Silver,78,3.7511016549962517,Evening,Economy,38,121.59936344835924
99,88,Rural,Gold,58,3.828128101191995,Night,Premium,177,301.59717850506786
91,21,Urban,Silver,64,4.689818037276518,Afternoon,Economy,74,481.83353488835013
69,28,Rural,Silver,56,3.9179340811613392,Evening,Economy,31,349.4661951613482
55,44,Rural,Regular,81,3.6968646906069242,Night,Premium,55,36.87502515963079
43,81,Urban,Regular,92,4.201642319048009,Afternoon,Economy,11,592.2075153872098
80,79,Suburban,Gold,27,4.29497607894928,Evening,Premium,114,48.79265971227944
96,70,Urban,Gold,68,3.6034393952335115,Night,Premium,103,206.97757194252495
45,35,Suburban,Regular,72,3.7544185222441078,Evening,Economy,27,707.5584639718118
32,86,Urban,Gold,29,3.5793992642027943,Evening,Premium,144,764.8674816965145
77,37,Urban,Gold,20,3.8066703650833573,Morning,Economy,122,470.81624737738093
96,45,Urban,Gold,8,4.514022428046879,Afternoon,Premium,138,427.56463078907035
63,64,Suburban,Gold,1,3.828619807068818,Morning,Economy,138,301.44066609836324
73,45,Urban,Regular,76,4.127966792680342,Night,Economy,173,101.50338321494783
67,41,Suburban,Silver,28,4.978426629428845,Evening,Premium,122,402.5413110475723
41,35,Urban,Silver,92,3.693864257988095,Morning,Premium,56,674.7864147501705
24,66,Suburban,Gold,89,4.667015730068366,Evening,Economy,15,164.91592372430628
48,49,Urban,Gold,61,4.622089946196485,Night,Premium,25,540.8414742552935
89,11,Rural,Gold,96,4.2017353113515625,Afternoon,Economy,152,584.859598264304
30,15,Rural,Regular,63,3.536632624875648,Morning,Premium,147,469.84890300452304
61,36,Urban,Silver,98,4.240648287942928,Afternoon,Economy,140,823.1753938913527
85,74,Urban,Silver,67,4.046536904291091,Morning,Economy,134,40.540799813551715
87,56,Rural,Regular,5,4.12794772028203,Afternoon,Economy,64,694.9811424249621
64,8,Urban,Gold,52,3.7232126685846487,Evening,Premium,58,493.5495230080473
64,74,Urban,Silver,63,3.9565855797935003,Afternoon,Economy,68,524.6775376695973
65,35,Rural,Regular,3,4.7727568735337815,Evening,Economy,120,193.5428482202148
58,60,Rural,Regular,83,3.7989265144636097,Morning,Economy,100,786.6504835784148
85,23,Urban,Gold,7,4.191345219998601,Afternoon,Economy,141,262.7966394205017
88,58,Urban,Silver,34,4.2054211716165675,Night,Economy,99,711.56665352813
38,36,Rural,Silver,38,4.981192427709953,Evening,Economy,98,164.8171853179804
97,74,Rural,Regular,66,4.578072401917377,Night,Economy,30,173.5382713873773
41,75,Urban,Silver,71,4.408167037482823,Evening,Premium,74,670.1200441322547
69,32,Suburban,Silver,61,4.979401193394786,Night,Economy,17,465.1939278581025
55,56,Rural,Silver,16,3.96215956687259,Night,Economy,21,619.7672265104404
46,16,Urban,Regular,26,3.6045682083277444,Night,Premium,145,101.70438541579088
95,70,Suburban,Regular,82,4.4635297667656255,Night,Premium,45,402.4453567629399
32,59,Rural,Silver,84,4.578005110275552,Night,Premium,106,268.576081087967
77,26,Suburban,Regular,2,3.7724934561481196,Afternoon,Premium,20,647.7403407766384
56,62,Suburban,Regular,46,3.944263271553084,Night,Premium,81,262.9570398325128
87,82,Rural,Gold,42,3.9661860175550374,Evening,Premium,98,218.9046242622949
96,18,Urban,Silver,48,4.915685263271204,Morning,Premium,138,450.1333145137775
30,61,Urban,Regular,45,4.059199600292304,Evening,Premium,117,565.767619626431
92,49,Suburban,Regular,11,3.651710266607103,Night,Economy,38,273.96297007134876
42,10,Suburban,Regular,79,3.91521692099729,Night,Economy,72,89.97207873899323
73,87,Urban,Regular,15,4.354589237002742,Night,Economy,35,368.42609573874205
84,75,Urban,Regular,78,4.794444723016856,Night,Premium,171,357.9507392344224
99,56,Urban,Regular,29,3.7647369517625773,Afternoon,Economy,30,586.2857238002546
76,31,Rural,Silver,88,4.607657479691922,Afternoon,Economy,47,654.9661004124304
93,84,Suburban,Silver,95,3.9913880966623996,Night,Premium,75,606.3354072199228
33,25,Rural,Silver,33,3.974657938548722,Morning,Economy,65,383.7111545711171
97,47,Suburban,Silver,50,4.549402730383032,Evening,Economy,76,228.0854795660028
34,60,Urban,Silver,22,4.428607066895307,Night,Premium,135,269.0168957850054
36,62,Rural,Regular,22,3.9493045904091684,Evening,Premium,109,304.6806955387351
74,5,Suburban,Regular,32,3.6266559456517427,Morning,Premium,78,542.0438999256984
40,25,Rural,Gold,24,4.575733500577547,Night,Economy,136,271.2783426621629
73,21,Rural,Silver,23,4.455204337983926,Night,Premium,70,786.3251971880898
53,10,Rural,Regular,42,4.935326170808889,Night,Premium,132,106.3807231374562
45,31,Urban,Regular,17,4.750214936657677,Evening,Economy,163,830.5897935935906
80,27,Urban,Gold,44,4.277325775806753,Evening,Economy,42,613.6963882266081
75,46,Suburban,Regular,98,4.56459372265928,Morning,Premium,142,646.1044264645805
79,33,Urban,Silver,92,3.9850076979474727,Morning,Economy,130,300.9166538012553
47,71,Suburban,Silver,22,4.264295108170915,Night,Premium,176,91.50414702796981
83,77,Urban,Gold,89,4.420591386148144,Afternoon,Premium,173,791.3230726303425
27,43,Urban,Regular,78,3.9382700967468205,Night,Premium,29,386.5571142244619
84,8,Urban,Silver,38,4.769120664683903,Afternoon,Economy,60,549.1936591073244
87,66,Urban,Silver,66,4.112289197792578,Afternoon,Economy,55,584.388642097096
87,44,Urban,Gold,1,4.54371592873111,Night,Premium,13,708.1023150769092
92,80,Urban,Regular,13,3.9074409961409695,Morning,Economy,88,623.8000972657975
52,82,Suburban,Gold,72,3.894291462517917,Afternoon,Economy,58,255.27562809813566
76,55,Urban,Regular,64,4.679991015843389,Afternoon,Premium,72,256.24460577333343
30,85,Rural,Regular,27,3.6443863635638336,Afternoon,Premium,153,378.73346605165693
81,28,Rural,Gold,98,3.989185478546555,Night,Premium,58,423.18314622635603
61,64,Rural,Gold,71,3.9054052612170294,Night,Economy,64,196.530628573162
34,42,Suburban,Silver,92,4.302207823420402,Morning,Premium,27,82.32750665674205
71,57,Suburban,Regular,78,4.213353273134282,Night,Premium,60,32.74625210646532
43,12,Suburban,Regular,64,3.7131217380263553,Morning,Premium,132,207.2441049632162
41,50,Rural,Silver,38,4.626162336816877,Evening,Premium,134,756.069794836979
89,86,Suburban,Regular,79,4.264268948744235,Night,Premium,89,599.730882394626
91,9,Rural,Regular,33,4.334429182426502,Afternoon,Premium,178,613.4807118848563
37,85,Suburban,Regular,34,3.530494174262453,Night,Premium,117,198.85710953723645
85,55,Suburban,Gold,55,4.903315085508993,Morning,Economy,74,308.093218475976
48,17,Urban,Silver,39,4.982521357605377,Night,Economy,103,746.892151257396
94,43,Rural,Silver,79,4.877707986852621,Morning,Economy,15,714.324955590894
89,55,Urban,Regular,83,4.015291458097849,Morning,Premium,109,588.0908294132414
28,40,Urban,Silver,56,3.608236080016154,Morning,Premium,79,627.4522500509227
31,65,Rural,Silver,42,3.6256087127700316,Morning,Economy,85,494.8836058152005
67,6,Urban,Regular,66,4.063160743126937,Morning,Premium,110,216.04889870118396
82,41,Rural,Gold,34,3.8305072990935316,Night,Economy,160,720.1928252253925
79,79,Urban,Regular,17,3.5530355787941934,Evening,Economy,161,42.43757716868628
75,23,Rural,Regular,39,3.9317012585934745,Night,Premium,15,400.7956234058582
42,29,Rural,Regular,79,4.136929167081402,Morning,Economy,76,416.7167162309178
59,62,Urban,Gold,60,4.827026638827196,Afternoon,Economy,109,370.1098467650136
70,84,Rural,Regular,79,4.922285316308681,Evening,Premium,164,709.4388381661108
85,9,Urban,Regular,45,4.063880447360237,Evening,Economy,89,343.11459407812697
64,40,Suburban,Gold,60,3.9455215728493656,Evening,Economy,115,247.2099332576335
24,8,Rural,Gold,81,4.049421424892713,Morning,Premium,46,564.7318717957827
47,46,Suburban,Gold,62,4.035999757763167,Night,Economy,40,583.978224738747
24,40,Rural,Gold,24,4.516563878837831,Evening,Premium,159,268.84144170342165
48,33,Rural,Regular,16,4.523622261012241,Night,Premium,130,330.6330661458869
35,64,Urban,Regular,10,4.076577186786543,Afternoon,Economy,70,683.9448034701841
88,15,Rural,Silver,11,3.622483956714662,Night,Economy,25,471.23915558242584
84,47,Urban,Gold,91,4.299487141316961,Night,Economy,32,102.76062168792176
87,49,Urban,Silver,65,4.773478444540141,Night,Economy,78,331.48231076213887
39,46,Urban,Silver,46,4.115290065615078,Night,Economy,87,462.7807301300083
31,17,Urban,Gold,12,4.612563711448741,Evening,Premium,43,483.1522025464066
68,8,Rural,Regular,82,4.772840383754815,Morning,Economy,17,147.67206691893017
41,67,Urban,Regular,5,3.837526699292401,Evening,Economy,41,303.30440422316144
65,83,Urban,Regular,46,4.339779392389593,Night,Premium,96,813.8897264784716
96,10,Rural,Gold,0,4.694562568514672,Night,Economy,23,390.42906596276566
43,57,Suburban,Gold,48,3.629675279004508,Morning,Economy,113,323.7626931841138
29,61,Rural,Silver,47,3.6891983186810235,Night,Premium,18,730.1309835682601
58,85,Urban,Silver,3,4.245395624377456,Afternoon,Premium,94,485.2240572899176
20,21,Rural,Silver,91,4.160922479521584,Afternoon,Economy,103,188.9598924472264
26,56,Suburban,Regular,97,4.691933440782572,Evening,Economy,117,391.81988057242455
33,20,Rural,Silver,99,3.875624063885323,Afternoon,Premium,49,140.6586853324413
23,22,Suburban,Regular,31,4.032588572965905,Morning,Economy,105,765.2381938921575
76,53,Urban,Silver,65,4.427805739395018,Evening,Premium,125,535.1030328991942
34,87,Suburban,Gold,7,4.328947502603992,Night,Economy,18,236.68331524906154
90,7,Urban,Silver,67,3.7336157278191724,Afternoon,Premium,116,299.91696035037796
63,84,Urban,Silver,16,3.5555345807788705,Afternoon,Premium,30,545.9900618024648
77,34,Rural,Silver,69,3.573716627211635,Afternoon,Premium,100,505.5073006535962
31,49,Suburban,Regular,78,4.869550838024896,Evening,Economy,76,682.8127068314093
87,42,Suburban,Gold,75,4.997788458766633,Evening,Economy,83,575.3183380728045
59,13,Urban,Regular,11,3.9624544130082215,Morning,Premium,11,40.06145407155451
70,15,Rural,Gold,92,4.330402272830258,Night,Premium,153,810.5529226441854
97,60,Suburban,Regular,69,3.8643414914428735,Evening,Economy,26,286.0876383933969
30,16,Urban,Regular,13,4.298596816852241,Afternoon,Economy,103,623.0973505469668
84,17,Suburban,Silver,50,3.9981282891296797,Morning,Premium,143,465.8300335917386
57,36,Urban,Gold,54,3.8555193196925686,Afternoon,Premium,98,779.0287223329399
81,78,Rural,Regular,19,3.5066505766684912,Night,Premium,71,541.0654894323653
70,7,Rural,Regular,20,4.863804406747163,Night,Premium,122,589.362987767191
90,62,Urban,Silver,31,4.094472056629455,Afternoon,Economy,162,526.5852127771067
25,73,Urban,Regular,50,4.984694758461133,Evening,Premium,53,673.9692590423027
33,30,Suburban,Silver,75,4.072388198396995,Evening,Economy,11,781.992287633106
88,61,Rural,Regular,72,3.5483970643457012,Afternoon,Premium,32,311.19784425607185
35,60,Suburban,Regular,54,4.155265987477756,Afternoon,Premium,158,176.91478388027008
84,47,Rural,Silver,53,4.937036358474624,Night,Premium,16,778.7960980811079
47,67,Rural,Gold,91,3.6228023588425526,Morning,Economy,141,828.603502289454
37,64,Urban,Regular,16,4.532093131986286,Evening,Economy,145,162.293183645757
24,46,Urban,Silver,37,4.112389928014286,Afternoon,Economy,112,280.6722101926872
61,72,Urban,Regular,91,3.741802939474574,Night,Economy,60,725.2484679779569
62,59,Urban,Regular,89,4.668325455231493,Evening,Premium,40,579.9210706447719
76,23,Urban,Regular,32,4.289691146020741,Evening,Premium,70,230.57821610135414
40,29,Urban,Gold,59,4.771923917370912,Night,Economy,159,817.1584025141902
87,25,Urban,Regular,55,4.599748610931487,Morning,Economy,145,73.88464086708498
74,24,Suburban,Regular,14,4.535362461202997,Morning,Economy,86,276.23963158710194
52,53,Urban,Regular,94,4.10458827672286,Evening,Premium,39,524.5050126808572
39,24,Suburban,Regular,68,4.589387189408996,Morning,Premium,42,370.27629957672417
77,86,Suburban,Silver,16,4.99966631187154,Afternoon,Economy,130,252.498681091374
73,29,Urban,Silver,68,4.4722196267630006,Night,Economy,128,186.80421318278863
63,70,Urban,Silver,44,4.663872659724499,Morning,Premium,164,342.1372946917605
27,7,Urban,Silver,51,3.93787336337048,Night,Economy,55,206.84174237650495
70,63,Urban,Regular,93,4.801452759046203,Night,Premium,79,805.7630694743918
83,17,Suburban,Gold,41,4.20261128727622,Afternoon,Premium,137,545.3751339302033
73,82,Suburban,Regular,68,3.9574718397914657,Afternoon,Premium,157,549.1331139895952
76,34,Suburban,Silver,70,4.304096037999199,Afternoon,Premium,163,245.83035269146177
64,85,Rural,Regular,51,4.165867014123385,Afternoon,Economy,50,566.418223294081
45,48,Urban,Regular,12,4.509632367675735,Morning,Economy,126,713.4505703094119
20,6,Urban,Regular,94,4.9636800372614,Afternoon,Economy,150,477.8657007309254
40,13,Suburban,Regular,39,4.732950613275229,Morning,Premium,43,653.6869097008397
78,5,Rural,Regular,75,3.981353627221537,Night,Economy,128,417.35681338888145
74,56,Rural,Regular,83,3.7417304249424723,Evening,Premium,95,568.0024364459823
36,30,Suburban,Silver,75,3.6046813534248785,Night,Premium,173,133.84373180896785
27,57,Urban,Gold,66,3.581587050368242,Evening,Economy,77,533.7401697549976
25,8,Suburban,Gold,8,4.729288814618164,Afternoon,Premium,134,760.3538103651722
80,52,Suburban,Regular,64,4.826153434070724,Night,Economy,167,30.185795363006175
81,26,Rural,Regular,77,4.787851481676599,Evening,Economy,20,415.68926899136954
80,35,Rural,Gold,56,4.824717231873752,Morning,Economy,88,521.4120767818864
64,44,Suburban,Silver,93,4.2548845890538995,Morning,Economy,173,271.9840275590322
70,87,Suburban,Silver,41,4.020968238179919,Night,Premium,58,233.99812117953022
28,38,Suburban,Silver,39,3.526238408254006,Night,Premium,162,114.7426443455399
25,9,Rural,Regular,36,4.351302281731729,Evening,Economy,64,336.21989896035416
37,56,Urban,Gold,79,4.849483603678299,Morning,Economy,20,713.496126105204
90,68,Urban,Regular,33,4.422142632410117,Evening,Economy,171,88.69411411360281
93,22,Rural,Gold,19,4.325589753364926,Morning,Premium,73,462.8166953013523
34,64,Urban,Regular,5,4.0390165292869655,Evening,Premium,62,656.7190153009221
57,15,Rural,Regular,54,4.252828932277387,Night,Premium,48,700.8000826654868
61,49,Suburban,Gold,25,3.5534332193971325,Morning,Economy,59,718.5891093778222
88,37,Rural,Silver,39,3.6539163831252717,Afternoon,Premium,122,266.07759532354623
93,75,Rural,Silver,99,4.455106778124558,Afternoon,Premium,134,782.4462266964053
39,83,Urban,Silver,47,4.582701172984954,Night,Economy,19,432.42600343034275
68,9,Suburban,Silver,29,4.22949517506573,Night,Economy,22,617.1667453617392
62,38,Urban,Gold,93,4.161245164563727,Evening,Premium,121,784.4755798848931
25,44,Rural,Silver,58,4.167526444353351,Afternoon,Premium,63,248.86271238336383
75,85,Urban,Silver,3,4.567944238891769,Evening,Premium,41,369.0715191354566
26,10,Urban,Silver,81,4.733375225223789,Afternoon,Premium,139,486.89432457851757
87,58,Rural,Regular,72,4.236125505546404,Night,Economy,78,548.7945210085599
79,25,Suburban,Gold,66,4.425946092219527,Morning,Economy,32,398.5777083857253
71,31,Rural,Regular,67,4.04895989821789,Night,Premium,73,501.95915296893924
86,82,Suburban,Gold,82,4.587386783418655,Evening,Premium,80,77.09877896646711
24,39,Suburban,Gold,86,4.134675828493754,Morning,Economy,36,122.73635791951219
20,20,Urban,Regular,69,4.175552073715886,Afternoon,Economy,71,193.0558474580612
66,46,Urban,Gold,4,4.811408408688919,Morning,Premium,136,464.12056272504924
68,88,Suburban,Silver,62,3.8886714887232148,Afternoon,Premium,22,635.6108500665638
83,49,Rural,Silver,96,3.6028801588036896,Morning,Economy,93,813.3619820500488
83,23,Rural,Silver,4,4.417723180931024,Evening,Premium,16,402.73370953093945
45,40,Urban,Silver,17,3.6444477494795633,Afternoon,Premium,32,56.650879815311626
47,65,Rural,Silver,18,4.982419462591721,Evening,Premium,155,702.1341253544847
95,63,Suburban,Gold,24,4.876743095047739,Evening,Premium,143,503.73215476302187
24,7,Suburban,Gold,86,4.332937018632223,Afternoon,Economy,21,552.7167881963104
47,10,Suburban,Regular,81,4.262394057900346,Evening,Premium,102,431.4896246497126
45,74,Urban,Silver,22,3.8979582055861606,Night,Economy,19,795.6935204474424
27,84,Rural,Gold,36,3.732075081597675,Evening,Premium,60,561.5724009452072
20,62,Suburban,Gold,88,3.9437785464327915,Morning,Premium,21,809.8587257671859
94,84,Suburban,Regular,90,4.677893319160058,Night,Premium,143,348.82095619976036
88,88,Urban,Silver,26,3.798043291202747,Afternoon,Economy,18,688.6022278721707
75,83,Suburban,Regular,36,4.364836639490004,Afternoon,Premium,85,445.63928877410495
20,50,Rural,Silver,73,4.8105281474176005,Morning,Economy,29,773.4401083146948
48,83,Suburban,Regular,79,4.372125621365222,Night,Economy,24,352.52095358583995
78,39,Suburban,Regular,19,4.233374175388892,Night,Premium,141,652.9832502420945
69,13,Suburban,Silver,91,3.5420210384816477,Afternoon,Economy,110,189.2125031174642
82,61,Urban,Silver,61,4.87696730566948,Night,Economy,157,306.46202685322805
62,28,Rural,Gold,42,4.672031475520178,Evening,Economy,74,361.51002774372665
77,37,Suburban,Regular,22,4.175386175510901,Morning,Economy,162,600.4030319831193
60,27,Suburban,Gold,5,4.35935807718548,Night,Premium,138,781.3063685475839
79,5,Urban,Regular,11,3.506949178017183,Evening,Economy,138,515.3006027419599
33,74,Rural,Gold,21,4.475341528244307,Night,Economy,179,175.0617583962696
57,40,Suburban,Gold,77,4.988623613057836,Night,Premium,149,131.35179961871577
46,39,Rural,Silver,93,4.518511220757711,Morning,Premium,62,403.90801294645973
35,41,Suburban,Regular,19,4.254789998280432,Evening,Premium,167,302.72528898168565
62,82,Rural,Regular,97,4.240516702500148,Afternoon,Premium,107,270.39490555234215
56,32,Urban,Gold,8,3.8865863276862798,Afternoon,Premium,32,255.06744700858584
64,23,Urban,Silver,27,4.965184456042898,Morning,Economy,130,127.4991186202485
65,48,Rural,Gold,35,3.5268638871818374,Night,Economy,179,551.7356331665204
25,75,Urban,Silver,36,4.003178179343452,Evening,Premium,60,259.7485180129868
47,34,Urban,Gold,18,4.963868203533731,Evening,Economy,24,789.0046089171319
66,63,Suburban,Silver,96,3.589685829709754,Afternoon,Economy,106,618.3499506699034
21,45,Suburban,Regular,30,4.20498550400888,Morning,Economy,179,118.08302985341741
88,61,Rural,Gold,69,4.655021059986332,Evening,Premium,33,220.48475483143855
83,32,Suburban,Regular,0,4.477058848264713,Evening,Premium,167,263.5601465065088
77,48,Urban,Regular,19,4.669812460210349,Afternoon,Economy,98,370.188005550259
88,87,Suburban,Regular,82,4.57234569890176,Evening,Premium,123,571.953080505392
71,50,Urban,Silver,36,3.560496624943941,Night,Premium,22,68.87324511546608
23,77,Rural,Silver,19,3.9934553522768135,Morning,Economy,166,451.43563509430965
31,24,Rural,Silver,21,4.4173397893294055,Afternoon,Economy,165,374.23593983660777
85,58,Rural,Regular,22,4.042956871654191,Night,Economy,172,248.24415903896076
81,29,Urban,Silver,97,3.76685295948936,Night,Economy,35,654.5022799497277
47,67,Suburban,Gold,70,3.7816634941334146,Night,Premium,93,608.6964273191154
40,39,Suburban,Gold,10,4.850142649450522,Evening,Premium,170,511.0946402579613
76,17,Rural,Silver,26,4.7717533283209175,Morning,Economy,111,369.2036243181734
59,32,Suburban,Silver,80,3.7751400946787386,Morning,Economy,143,400.82970029490684
81,74,Rural,Regular,79,4.279958372215297,Afternoon,Economy,99,68.9305035708168
86,63,Suburban,Silver,84,4.5936943724224015,Morning,Premium,28,167.58162024764997
88,33,Urban,Regular,62,4.536797214128245,Evening,Premium,96,541.864680792539
75,59,Rural,Regular,83,3.807191279264262,Night,Premium,75,786.1012993485438
27,10,Rural,Gold,13,3.8638454358622543,Morning,Economy,139,385.77531710824724
73,25,Rural,Silver,62,4.225114538353521,Morning,Premium,46,406.7455972580964
61,38,Urban,Gold,25,3.657908170100196,Morning,Premium,16,210.57792783570036
36,43,Rural,Gold,27,4.4555538349053965,Evening,Economy,119,490.7733815412239
91,67,Suburban,Gold,46,4.074475038208869,Evening,Economy,170,637.051263512012
39,22,Urban,Regular,54,4.558529028466955,Night,Premium,74,445.2489251306386
48,26,Rural,Silver,4,4.252291304429495,Night,Economy,126,695.3125007065034
42,71,Suburban,Regular,53,4.2359374169029245,Afternoon,Economy,155,457.2999277643369
21,73,Rural,Regular,97,3.64100044660823,Morning,Premium,31,230.99284658385102
82,42,Rural,Gold,84,3.5510580516993633,Afternoon,Premium,135,146.92214348712582
74,43,Suburban,Regular,66,4.988915021640283,Afternoon,Economy,166,528.4207920416627
63,80,Rural,Gold,25,3.960233415468787,Morning,Economy,15,792.3275002210298
80,77,Urban,Silver,11,4.8911608537225995,Morning,Economy,129,611.8790473560967
71,70,Urban,Silver,44,4.975451934366609,Evening,Premium,79,117.45420488171384
90,72,Urban,Silver,74,4.740706804080455,Night,Premium,108,163.07618770683152
27,77,Suburban,Silver,61,4.047705281464811,Night,Economy,165,733.4623286012657
55,68,Urban,Regular,31,4.7610451652309544,Night,Economy,19,769.5441735513723
55,33,Rural,Regular,1,4.287754983100451,Evening,Premium,15,209.5655174914139
72,77,Rural,Gold,25,4.4167342666441325,Night,Premium,95,713.6335251706166
96,35,Suburban,Regular,12,4.755338156569161,Night,Premium,123,658.9399564795297
51,24,Suburban,Gold,19,3.5163027284088915,Morning,Economy,144,660.2312028963938
25,83,Suburban,Silver,79,4.227723053502789,Afternoon,Economy,124,301.910765109776
36,80,Suburban,Regular,31,3.782076238254942,Night,Premium,179,30.87843732834134
46,5,Suburban,Gold,3,4.66552641702252,Morning,Economy,35,572.8774880037047
34,40,Urban,Silver,58,3.7272137575010147,Night,Economy,103,425.9936623135362
35,78,Rural,Gold,14,4.864766440220989,Night,Economy,17,590.1086384719182
52,61,Suburban,Silver,45,4.2197438658021,Night,Economy,65,137.53654689766154
59,16,Rural,Gold,16,4.400452366425821,Afternoon,Premium,172,822.9631853700073
55,25,Urban,Regular,65,4.137130813202041,Evening,Economy,94,160.01370695670946
25,79,Urban,Silver,81,4.085577252802797,Night,Premium,15,521.8289888417073
98,48,Urban,Silver,74,3.7579083621019356,Morning,Premium,87,793.8845940508585
38,33,Suburban,Regular,32,4.912223624344726,Afternoon,Economy,23,494.1579357944105
67,9,Rural,Regular,59,4.6205801218549585,Evening,Economy,87,219.50759431156428
66,18,Rural,Gold,14,4.54494847157947,Evening,Premium,67,833.0147180649514
94,80,Suburban,Gold,83,4.5537113506438125,Afternoon,Premium,121,127.91490118006219
76,12,Suburban,Gold,93,4.673424306663746,Night,Economy,134,670.6287231375214
35,72,Urban,Gold,61,4.658991641139854,Evening,Economy,124,592.9617860063471
91,72,Suburban,Silver,79,3.941499633234806,Evening,Premium,170,804.0814571938243
25,48,Rural,Gold,56,3.769912395964724,Afternoon,Premium,64,525.4907446778244
61,58,Urban,Silver,27,4.199923173038583,Morning,Premium,88,821.404839399575
99,31,Urban,Regular,6,4.480755960492684,Night,Economy,118,347.84992696952906
95,22,Suburban,Regular,48,4.380683712687806,Night,Premium,64,488.7721216450006
90,12,Urban,Regular,1,3.8366917898523294,Evening,Premium,147,345.66369753581904
61,67,Urban,Regular,22,3.7200456521598517,Night,Premium,113,799.2060789047321
83,75,Suburban,Silver,92,3.918015873988703,Morning,Economy,99,541.6625357912068
58,18,Suburban,Regular,30,3.6887981207688014,Night,Premium,57,548.2058494479468
32,41,Suburban,Silver,62,4.6495273512454105,Morning,Premium,157,752.9842585847139
52,79,Urban,Gold,67,4.509418330203933,Afternoon,Premium,68,298.37078353088066
72,83,Rural,Silver,18,4.937048810125321,Morning,Economy,99,760.8576948044454
78,13,Urban,Silver,68,4.264018953287551,Afternoon,Economy,73,246.6044746285451
34,77,Suburban,Silver,98,4.582107126356309,Morning,Premium,15,802.7064287514526
39,33,Urban,Silver,78,4.74503821669939,Night,Premium,27,495.8190108602241
27,80,Urban,Regular,22,4.865879853252924,Night,Premium,101,726.6149040590453
63,25,Urban,Gold,10,3.6852656431666504,Morning,Economy,107,158.70163791183796
53,80,Rural,Regular,90,3.844114035435421,Afternoon,Economy,84,750.6702458562504
59,72,Rural,Gold,68,4.186448370132759,Evening,Economy,173,549.101445767521
21,59,Urban,Gold,84,4.953528792152803,Afternoon,Economy,43,619.671649498894
22,61,Suburban,Gold,85,4.771673698794144,Evening,Economy,148,179.383512160934
36,28,Rural,Regular,70,4.003103740349804,Night,Premium,49,112.28907137362363
78,77,Urban,Regular,65,4.523862429701989,Morning,Economy,61,296.86961916368745
57,47,Urban,Silver,85,3.675212982927497,Afternoon,Economy,175,299.51688608643184
25,75,Suburban,Gold,27,3.7186245567255276,Afternoon,Premium,139,82.01726422374182
58,20,Rural,Silver,90,3.925864692677528,Night,Economy,91,440.59949479484726
44,75,Rural,Silver,96,4.324658381775423,Night,Economy,145,713.2470115599426
77,81,Suburban,Silver,5,4.191127609220615,Evening,Economy,115,280.1426490811763
87,76,Urban,Regular,11,4.422563915155991,Morning,Premium,165,706.5128729980346
83,38,Rural,Regular,64,4.119685312117547,Afternoon,Economy,164,633.5146306974776
45,57,Urban,Gold,77,3.9685252165031115,Morning,Premium,67,448.9482855841658
54,60,Urban,Gold,26,4.695314444821016,Evening,Premium,77,508.07213624934434
66,17,Suburban,Silver,92,3.799024921615949,Afternoon,Premium,67,766.1148903085167
44,76,Suburban,Silver,24,4.347260114443734,Afternoon,Economy,147,160.0649819197019
93,21,Suburban,Gold,91,4.541455019553817,Night,Premium,91,504.2503207353561
84,18,Rural,Silver,57,3.689866994635069,Evening,Economy,125,74.21849787966364
58,28,Urban,Silver,52,4.427292229343098,Evening,Premium,82,311.45188397966064
35,68,Suburban,Regular,38,3.9805713237861244,Night,Economy,174,80.14204272696516
72,10,Rural,Silver,1,3.5814783350196784,Evening,Premium,94,815.4247948920283
35,35,Urban,Gold,47,4.278764567776096,Night,Premium,57,496.89412113653333
75,76,Urban,Regular,50,4.142968516851629,Night,Premium,128,801.5468407381385
67,82,Rural,Silver,23,3.5895070200326806,Afternoon,Economy,136,67.41279934106154
86,19,Rural,Silver,3,4.830091869620857,Night,Economy,171,429.95157075145715
31,39,Suburban,Silver,61,3.8442802763470536,Evening,Premium,101,796.4614137012998
33,72,Urban,Regular,45,4.600290789793341,Afternoon,Economy,113,597.2814871022065
50,50,Rural,Gold,49,4.7662144912662985,Afternoon,Premium,19,249.36648670303236
42,24,Suburban,Gold,96,4.993719095818226,Evening,Premium,16,793.860857248311
91,18,Rural,Silver,82,4.609085729723227,Morning,Premium,71,96.01778094620497
92,14,Rural,Gold,24,4.225782508123273,Afternoon,Economy,128,692.9705323062077
41,35,Rural,Gold,83,4.95570261357563,Afternoon,Economy,34,88.88462993388737
61,51,Suburban,Silver,55,4.899124436131181,Evening,Premium,176,463.82481335480276
27,63,Suburban,Gold,40,4.9042528577533036,Night,Economy,160,533.7473188544659
74,74,Rural,Regular,63,4.704504425788499,Morning,Economy,109,197.2549933946451
30,26,Suburban,Regular,72,3.8118624421212184,Afternoon,Premium,101,680.2487730435909
26,51,Urban,Regular,79,3.8883336440537852,Morning,Premium,134,166.60972476742106
30,55,Suburban,Regular,65,3.5763011469144423,Afternoon,Premium,78,607.1237487739857
74,32,Urban,Gold,34,3.5239056261901887,Evening,Premium,141,62.93369269300395
67,36,Suburban,Gold,28,4.339456010154944,Night,Premium,16,631.3962124053929
94,47,Rural,Regular,3,3.5664085974203577,Evening,Economy,104,518.8288797786824
58,83,Suburban,Regular,60,4.33392046388852,Morning,Economy,25,45.95451308694278
79,45,Suburban,Regular,72,3.7815120988394044,Morning,Economy,36,727.3880452553663
75,22,Rural,Silver,30,3.9219384145596607,Evening,Premium,19,710.6424848143718
20,56,Urban,Regular,69,3.994801881469508,Afternoon,Economy,23,508.4415249819399
34,33,Rural,Regular,28,4.074152690491584,Evening,Economy,159,593.3208647373565
43,23,Suburban,Regular,75,4.50426207591959,Evening,Economy,78,354.63103296337636
30,8,Rural,Gold,44,4.02886614210191,Afternoon,Economy,56,732.2396793910352
61,87,Suburban,Gold,23,4.038062872304643,Evening,Economy,176,270.2529696073239
86,70,Rural,Gold,98,4.1508102634503805,Evening,Premium,156,132.5907773243527
54,83,Suburban,Gold,40,4.248063271933518,Evening,Premium,105,622.210100832289
52,84,Suburban,Gold,87,4.181621977834327,Afternoon,Premium,73,258.1462077467012
45,17,Suburban,Regular,29,4.278277479276191,Night,Economy,150,496.52967556672434
63,40,Urban,Regular,10,3.945365680727793,Afternoon,Premium,154,719.3536065617538
84,84,Suburban,Gold,72,4.4940827339933245,Evening,Premium,159,808.8914724660286
72,34,Suburban,Gold,12,4.177678684401986,Night,Economy,147,28.88377230161507
51,61,Urban,Silver,62,4.103671728989653,Morning,Premium,174,769.8792093613066
90,74,Urban,Gold,84,4.877885571137929,Morning,Premium,72,341.8923335951574
73,62,Rural,Gold,31,4.000120823917246,Evening,Economy,174,481.8510809147695
72,35,Suburban,Silver,72,4.501154816050842,Afternoon,Premium,61,425.57965059886004
90,29,Rural,Regular,21,4.290417776258359,Morning,Premium,42,246.26278773398928
56,60,Urban,Gold,92,3.954409091157935,Morning,Premium,117,648.3097899942142
27,57,Rural,Gold,85,4.5530962393092995,Afternoon,Economy,15,616.9245770628485
74,64,Suburban,Regular,91,3.670927301597709,Evening,Economy,158,726.4715538059094
68,9,Urban,Silver,66,4.258595857240274,Night,Economy,136,800.9103463186756
58,37,Rural,Regular,49,4.046335595913899,Evening,Economy,50,76.29196664803598
85,44,Suburban,Regular,52,4.697373306208314,Night,Economy,121,652.3926668688118
31,14,Urban,Gold,39,4.773338371329262,Evening,Premium,39,258.690439538236
99,39,Urban,Regular,92,4.532752120630872,Evening,Premium,161,526.9077729129485
40,32,Suburban,Silver,2,4.6378876151616755,Morning,Premium,39,195.35486329387246
38,79,Suburban,Gold,75,4.071031348424286,Morning,Premium,46,730.4780099063834
65,38,Rural,Gold,75,4.804444458313211,Morning,Economy,35,630.1525520659304
24,44,Urban,Regular,9,3.712561170984735,Night,Premium,177,835.6719440285791
38,39,Rural,Silver,40,4.90776395798832,Night,Premium,48,404.6143593796772
92,23,Urban,Regular,72,4.732667916612939,Night,Premium,145,830.0891466294914
97,21,Rural,Regular,8,3.9669558270188303,Night,Premium,113,89.56620868642094
96,44,Urban,Silver,60,3.535106723516467,Evening,Economy,154,807.8938764819516
34,23,Urban,Silver,17,4.852046629662816,Night,Economy,158,148.921003985068
93,50,Suburban,Gold,98,4.543536505666275,Evening,Premium,68,264.96994655754065
54,83,Rural,Regular,99,4.1068852151449216,Night,Economy,121,29.071655713311785
60,34,Urban,Silver,33,4.3424711143135255,Morning,Premium,158,120.8216610426821
40,26,Suburban,Regular,37,4.764030011614843,Evening,Premium,47,421.89295639413064
67,20,Suburban,Regular,44,4.709522510205941,Evening,Economy,127,757.1941101517044
28,29,Suburban,Silver,27,4.36442506889089,Evening,Premium,145,658.3869601482986
29,60,Urban,Regular,5,3.767866569704495,Morning,Economy,161,632.4547707645747
35,56,Suburban,Regular,63,4.853854070733912,Evening,Premium,78,775.7440228890227
42,49,Suburban,Gold,12,3.700439407785723,Afternoon,Economy,108,195.72756455281007
56,50,Suburban,Gold,71,3.849693231678066,Night,Economy,110,185.31512783588494
80,25,Rural,Silver,53,4.3863953929565955,Night,Economy,98,436.92855332338473
77,13,Urban,Gold,84,4.288870751879212,Evening,Premium,171,470.0723387454455
87,68,Urban,Silver,23,4.779575284251717,Morning,Premium,119,58.992547911835395
75,35,Rural,Gold,79,3.9020606419998662,Morning,Premium,102,760.276378536687
33,80,Suburban,Silver,12,3.6964318362655177,Evening,Economy,46,410.78899167684193
42,16,Urban,Silver,47,4.275852160746788,Morning,Premium,147,342.4904678769859
26,54,Rural,Silver,41,4.000332890575169,Evening,Economy,140,457.8170164407187
59,7,Urban,Silver,51,3.6289999806739557,Morning,Economy,14,190.79927338325962
43,73,Suburban,Regular,20,3.6377433151990823,Evening,Economy,130,804.7675984174637
41,81,Urban,Regular,82,3.5718968066959276,Afternoon,Premium,173,249.92187452153976
53,46,Suburban,Gold,83,3.5914444221992463,Night,Premium,132,341.1250912939335
32,57,Rural,Gold,78,4.959188567011269,Night,Premium,52,365.51547755706804
45,39,Urban,Regular,87,4.093654861869569,Evening,Economy,156,283.7932726685802
85,21,Suburban,Regular,32,4.303384426740899,Night,Premium,60,474.9356122407522
86,24,Rural,Gold,9,3.886950749974063,Afternoon,Economy,174,639.6798927082737
20,48,Suburban,Regular,40,4.991828829020843,Night,Economy,71,210.59846340342557
75,28,Rural,Regular,31,4.551439583722238,Afternoon,Economy,136,224.89155496508891
73,11,Rural,Silver,75,4.834206834594442,Evening,Premium,72,295.3354918460298
77,30,Rural,Regular,31,4.060706848690862,Morning,Economy,146,249.0412568798625
24,52,Suburban,Regular,65,4.723175389831736,Afternoon,Economy,91,738.1229477941564
26,85,Urban,Silver,25,3.8767648141740665,Night,Premium,12,137.31759013079184
81,81,Suburban,Silver,30,4.697154203279657,Evening,Premium,106,117.66618065082257
41,49,Urban,Silver,76,4.591224470829893,Night,Premium,52,553.7258804799258
74,19,Rural,Gold,19,3.9356942351393056,Afternoon,Economy,70,222.53484342598267
60,39,Suburban,Gold,9,4.844067480743713,Night,Premium,40,673.3011397355433
66,53,Suburban,Gold,30,4.444388959036668,Night,Premium,176,757.8871485082001
60,68,Rural,Silver,39,3.5801440057258564,Night,Premium,108,118.04406150682068
24,53,Suburban,Regular,34,3.6625610779788365,Afternoon,Economy,155,814.368211237528
70,85,Suburban,Gold,97,4.687963042235785,Afternoon,Economy,148,493.9393781865644
89,51,Rural,Gold,58,4.5957614780344285,Night,Economy,144,319.8606028982454
49,35,Urban,Gold,95,4.614092382976511,Evening,Premium,144,451.80507335746387
39,74,Rural,Silver,47,3.7937852559190217,Morning,Economy,27,422.4045552447102
79,48,Suburban,Silver,54,4.200382437153302,Evening,Economy,77,197.92811679311674
26,56,Rural,Regular,11,4.71852680289992,Morning,Premium,165,833.4624343801876
32,27,Suburban,Regular,40,3.5613431846093335,Evening,Economy,20,168.90769754304733
23,48,Suburban,Gold,67,3.9535870354651688,Afternoon,Premium,19,72.8422375568347
27,51,Urban,Silver,44,4.232702315303809,Evening,Economy,164,779.0766730575568
93,12,Rural,Regular,73,3.5137584081519866,Evening,Economy,24,192.76878432177747
42,79,Rural,Gold,16,3.5032755846128296,Night,Economy,29,217.68602709503662
42,7,Urban,Silver,53,3.6000951233981624,Evening,Premium,11,364.52270337813246
47,52,Urban,Gold,87,4.975224490161836,Afternoon,Economy,65,715.1577956599458
52,21,Suburban,Regular,74,4.366637972186621,Night,Economy,144,681.4189811354898
57,33,Suburban,Regular,69,4.859717429666175,Night,Premium,172,150.59058855484648
36,87,Rural,Silver,54,3.571037583282411,Evening,Economy,34,442.22912779654206
91,71,Suburban,Gold,70,3.978771481838958,Evening,Premium,54,756.5700909955159
49,15,Rural,Silver,50,4.297053222476576,Night,Economy,127,592.0020434911289
73,12,Rural,Gold,39,4.8560482979626025,Evening,Premium,10,751.0119138848193
56,14,Suburban,Gold,18,3.7166283137745033,Evening,Premium,64,80.91320561389853
79,85,Urban,Gold,99,3.7580151007221287,Evening,Economy,167,604.8852859915534
66,6,Suburban,Gold,26,3.601716812429304,Afternoon,Premium,11,829.865098832815
88,30,Rural,Regular,58,3.843796519605457,Night,Premium,126,61.043044687888305
28,13,Rural,Silver,8,3.8286206368206983,Afternoon,Economy,15,294.07219900791966
37,47,Urban,Regular,49,4.71353413461169,Morning,Economy,74,795.8164471626968
97,48,Rural,Regular,4,3.8443926499825207,Evening,Economy,61,621.1842532600225
72,16,Urban,Gold,11,4.195609176858988,Evening,Economy,107,718.1092968318158
21,41,Suburban,Silver,13,4.683333289018066,Afternoon,Economy,61,574.5643895876173
40,85,Suburban,Regular,84,4.84853597211716,Afternoon,Premium,160,761.5355410788402
78,39,Urban,Silver,75,4.922074005033496,Evening,Premium,62,657.9682115424174
54,38,Rural,Gold,0,4.36356162783732,Afternoon,Economy,118,340.5082531262174
55,15,Urban,Silver,76,4.870002066172148,Night,Premium,106,67.47681339958389
50,5,Rural,Silver,21,4.064600678226471,Afternoon,Economy,108,360.66532906360214
30,11,Rural,Gold,76,3.5958954118077884,Evening,Economy,101,538.1237900038582
49,14,Urban,Regular,19,3.854625659676956,Morning,Economy,165,254.50269621873855
32,63,Suburban,Silver,33,4.619897454454158,Afternoon,Economy,85,192.9696413135157
90,76,Suburban,Gold,0,4.587240409768831,Afternoon,Economy,18,735.2210691679303
72,14,Urban,Gold,36,4.727230724900102,Afternoon,Premium,109,321.8826896539173
63,45,Rural,Gold,99,4.76927459042911,Night,Economy,63,661.8437718193018
32,13,Urban,Silver,35,3.678477468578759,Morning,Economy,154,811.2910230391366
20,84,Suburban,Silver,97,4.352824587020119,Evening,Economy,93,218.34002471475688
56,87,Suburban,Silver,60,4.132818966833625,Afternoon,Economy,112,88.97615980299548
55,46,Urban,Silver,49,4.7759610656809715,Evening,Premium,45,669.4352297673203
53,9,Rural,Regular,79,4.450521073202454,Morning,Economy,141,513.59854779741
37,45,Suburban,Regular,24,4.848493732684244,Night,Premium,140,680.7702493045127
89,59,Rural,Gold,6,4.905888709268428,Evening,Economy,131,766.267354030798
52,83,Urban,Silver,67,4.738944300342144,Evening,Economy,45,473.5268794823409
97,24,Urban,Gold,42,4.69596176031915,Afternoon,Premium,45,200.2945536204764
26,30,Urban,Silver,3,4.77300490130322,Night,Economy,48,655.8860619163122
80,16,Rural,Regular,57,3.5569629208637967,Morning,Economy,71,596.7403186365094
29,5,Urban,Regular,16,4.275681980121022,Afternoon,Economy,83,652.875206192342
63,24,Rural,Silver,88,3.716883889139273,Afternoon,Economy,162,654.8572894429202
65,14,Rural,Regular,8,3.8403201102997926,Afternoon,Premium,39,32.2923461589874
74,45,Urban,Gold,38,3.8104512542911624,Morning,Premium,166,702.8599981814726
62,44,Suburban,Silver,79,4.435789389872454,Night,Premium,148,618.5703151360466
87,74,Suburban,Gold,75,4.612063429343382,Afternoon,Economy,179,282.6212785405625
92,44,Suburban,Silver,60,4.102303494788718,Evening,Premium,42,298.5821240187015
64,42,Urban,Silver,14,3.9140377840951546,Morning,Premium,47,361.6779271069785
97,85,Urban,Regular,96,4.874936995288726,Afternoon,Premium,130,799.7991650345624
77,33,Urban,Gold,51,4.8052485864054715,Morning,Premium,137,764.8663439031553
94,31,Urban,Regular,28,4.496174870157602,Afternoon,Premium,46,176.82075360004393
46,62,Rural,Gold,84,3.618275082203427,Evening,Economy,93,336.70476920885545
51,12,Rural,Regular,27,3.52316960838216,Evening,Economy,100,676.1145795843188
37,20,Urban,Gold,84,4.949951459728897,Morning,Economy,97,371.588612832605
61,24,Suburban,Regular,62,3.796449501278288,Night,Premium,100,58.69530985493776
58,65,Suburban,Silver,6,4.606767453513148,Afternoon,Premium,174,648.1167399823051
85,31,Rural,Silver,85,4.027788070543934,Night,Economy,157,762.9177415745323
74,74,Suburban,Silver,86,3.6184173456863196,Night,Premium,58,240.8927078371177
63,41,Rural,Gold,82,4.644707486248176,Afternoon,Economy,23,418.07702675694276
79,6,Suburban,Regular,15,4.1820098572922815,Night,Economy,113,202.7025088943347
36,30,Suburban,Regular,69,4.098686632174861,Afternoon,Economy,159,676.6263866210809
41,87,Rural,Gold,92,4.784712714905791,Morning,Economy,73,733.9938755651755
50,48,Rural,Gold,55,4.369834496170899,Afternoon,Premium,17,393.5647347637049
86,56,Urban,Gold,16,4.37743554105195,Morning,Premium,81,512.6941241076629
59,56,Rural,Regular,95,4.838713351521896,Night,Economy,117,387.5685308911738
34,82,Suburban,Gold,18,3.790256372844099,Night,Economy,81,764.2384491373326
92,48,Rural,Gold,93,4.394074428581886,Night,Premium,151,739.5583021841719
40,76,Rural,Regular,51,4.122928530065787,Night,Economy,59,696.2724809516836
46,44,Rural,Regular,69,4.2500108614013135,Night,Premium,16,468.0564188267037
38,85,Rural,Regular,72,4.457988380995021,Morning,Economy,57,334.88911412883675
71,31,Urban,Silver,59,4.2317792639138005,Morning,Premium,64,814.5830187341844
82,47,Suburban,Gold,40,4.764216604452135,Evening,Premium,102,119.51834607908985
25,72,Urban,Regular,46,4.8198846335883525,Afternoon,Premium,54,729.9526681507224
73,84,Rural,Gold,72,4.81689641508492,Morning,Premium,13,31.133514363711527
48,46,Suburban,Silver,53,4.7686366961747435,Afternoon,Economy,110,700.9299886019879
41,69,Suburban,Gold,13,4.067176799196165,Morning,Economy,115,724.4397677331958
63,19,Rural,Silver,17,4.029750192926164,Afternoon,Economy,179,554.176638313519
24,16,Suburban,Regular,98,3.5561598254697477,Evening,Premium,158,41.1829572047087
57,68,Rural,Silver,0,4.893854362023651,Evening,Premium,30,486.87060553355485
20,21,Urban,Regular,52,3.633902097586062,Morning,Premium,114,278.6946912370193
47,75,Suburban,Silver,37,3.5524357696483486,Afternoon,Premium,62,638.1277513064373
26,79,Rural,Gold,70,3.934551475066702,Afternoon,Premium,112,165.934170783477
29,68,Urban,Regular,78,4.956919292906007,Night,Premium,111,619.192447884532
39,80,Urban,Gold,3,4.595285478647104,Night,Premium,26,580.4601126752775
23,26,Suburban,Silver,83,3.903198590418252,Morning,Economy,22,468.76557088001226
34,84,Suburban,Gold,79,4.199413255421055,Evening,Premium,61,497.5742633416322
40,80,Urban,Regular,25,4.868417729158094,Morning,Premium,76,317.6949239308662
34,44,Rural,Silver,46,4.160275510045672,Evening,Economy,136,459.91429989835126
38,35,Urban,Gold,10,4.699775590145254,Evening,Premium,37,158.00888496121888
67,48,Suburban,Gold,92,4.773283229389077,Evening,Economy,52,480.17634562458807
34,29,Suburban,Silver,58,4.822060587844398,Morning,Economy,19,80.04504581643546
49,32,Urban,Gold,37,3.8725868389479907,Evening,Premium,95,600.6453800463528
34,69,Suburban,Gold,52,3.607706081532729,Evening,Economy,36,185.06341923888735
39,25,Suburban,Gold,93,4.960094676484021,Afternoon,Economy,131,158.69268039084645
34,24,Urban,Silver,1,4.531285133193336,Evening,Economy,173,446.91765017951417
55,7,Suburban,Regular,14,4.361978048901812,Morning,Premium,98,567.4054435941067
28,21,Rural,Gold,66,3.9811917758249655,Morning,Premium,161,783.818274914008
34,50,Suburban,Gold,98,4.375611044719909,Evening,Premium,30,421.0248372294171
25,43,Rural,Gold,82,4.765831555725057,Night,Economy,174,166.06033794751647
21,21,Urban,Silver,94,4.4043471114270485,Night,Premium,21,601.29250463141
77,87,Urban,Regular,17,4.458487833586095,Afternoon,Premium,60,152.3743540539124
36,39,Urban,Gold,8,4.551703572447643,Afternoon,Premium,138,103.6662013598698
23,19,Suburban,Silver,46,4.583313819133441,Night,Economy,35,203.82981554992304
24,63,Rural,Regular,69,4.535111661080357,Evening,Economy,163,682.4202972465872
95,61,Urban,Silver,96,4.822560843871962,Night,Economy,47,623.6341590511504
58,45,Urban,Gold,38,4.473404893238288,Morning,Economy,34,629.0764716766512
58,86,Rural,Silver,40,4.364637824400922,Afternoon,Economy,55,227.67919615902272
44,62,Rural,Gold,6,3.6331517274340506,Morning,Economy,125,199.75678274238572
63,13,Suburban,Silver,61,4.9495598996016765,Evening,Premium,110,82.4706299433262
38,16,Rural,Silver,76,4.675743849101362,Night,Economy,170,194.95788591815264
92,30,Rural,Silver,62,3.9434282081647662,Afternoon,Premium,49,546.9547698272067
66,83,Urban,Regular,71,4.130614888920014,Morning,Economy,54,702.1252390439563
56,78,Suburban,Regular,65,4.269739477934181,Evening,Premium,112,91.64497901979243
48,49,Rural,Silver,15,3.6310391737375896,Morning,Economy,18,360.99219667271905
38,73,Suburban,Regular,67,4.821710859167747,Afternoon,Economy,84,623.4223674910874
58,31,Rural,Regular,1,4.116418583339809,Morning,Economy,163,730.7701038537424
29,30,Urban,Silver,32,4.130401757623342,Evening,Premium,73,27.679852431283237
80,88,Suburban,Regular,30,4.432714566967539,Morning,Premium,54,39.95636215632202
58,15,Urban,Gold,31,4.4214215208364775,Afternoon,Economy,84,544.7659979860553
28,67,Urban,Regular,20,3.5813794316179686,Afternoon,Economy,154,696.082873021293
37,32,Rural,Regular,99,4.502911411770145,Afternoon,Economy,47,617.0234155066788
95,33,Urban,Regular,96,4.179077506831407,Afternoon,Premium,75,478.89589025587367
30,10,Rural,Regular,30,3.786013691277502,Evening,Premium,44,532.737161874042
79,13,Suburban,Gold,8,4.069577036156616,Morning,Premium,130,380.5658159653666
76,49,Suburban,Regular,56,3.9912353391505926,Morning,Economy,53,233.838607299713
63,12,Suburban,Silver,65,4.586330280190332,Afternoon,Premium,103,488.62908101649816
99,31,Rural,Regular,54,4.512544764183014,Night,Premium,151,456.9372764642668
25,12,Urban,Gold,11,4.248485836603091,Morning,Economy,159,447.14292591802644
75,53,Suburban,Gold,10,4.112498259328294,Afternoon,Premium,100,135.99202093873112
59,84,Rural,Silver,79,4.088176286270077,Night,Premium,153,392.6629582039718
23,44,Rural,Silver,85,4.061245255305113,Night,Economy,70,45.36478581848549
61,36,Rural,Regular,46,3.519616553864645,Night,Premium,89,170.34523078032964
20,41,Urban,Gold,58,3.9914742182446905,Morning,Premium,165,714.6599499262162
80,52,Rural,Regular,54,4.512045498830012,Night,Premium,88,549.7915097951358
37,76,Rural,Gold,36,4.704062968486101,Night,Premium,58,416.66936545599356
42,68,Suburban,Regular,37,3.7713239225344903,Afternoon,Economy,17,217.08523630286393
87,48,Rural,Regular,48,4.636670040438414,Night,Premium,142,37.89184619874594
99,37,Suburban,Gold,41,3.5567668921050197,Morning,Economy,179,634.702728616668
25,25,Rural,Silver,13,4.896286255417858,Morning,Economy,159,715.059028933751
58,9,Urban,Regular,52,3.793804121532977,Evening,Economy,170,722.119114040457
25,71,Rural,Gold,88,4.647268462507954,Evening,Premium,18,680.9446948726578
92,33,Suburban,Silver,73,4.7379715888281915,Afternoon,Economy,74,708.6598931762306
82,73,Urban,Silver,11,4.98610818223575,Night,Premium,53,475.08920330676295
69,26,Urban,Gold,19,4.586970021226968,Evening,Economy,97,604.2283365279129
65,18,Urban,Silver,39,3.703881640882492,Morning,Economy,102,27.684287960687826
52,85,Urban,Gold,20,4.587764474197918,Afternoon,Economy,114,832.2020610059526
42,73,Rural,Silver,97,4.967104115050146,Evening,Economy,119,623.3297317679217
26,22,Suburban,Silver,76,4.354197357587839,Night,Economy,12,105.11753756370398
52,46,Suburban,Regular,67,4.481547607633092,Night,Premium,89,712.3529587927073
98,15,Suburban,Gold,32,3.755885439564822,Night,Premium,73,634.579787694026
94,10,Urban,Gold,80,4.1281636252131175,Morning,Economy,111,608.6149735143638
27,83,Rural,Regular,81,3.5321047162694055,Evening,Economy,102,765.7262940662898
40,13,Suburban,Regular,75,3.813075642042107,Evening,Economy,112,49.80953329699075
37,39,Urban,Gold,91,4.4490980984748045,Morning,Premium,176,553.5854004250764
91,73,Suburban,Regular,16,3.6739565438608466,Night,Premium,142,480.46150923759143
42,44,Suburban,Gold,19,4.153248257997159,Night,Economy,42,451.33005546844714
72,23,Suburban,Silver,2,4.745569017542737,Evening,Economy,123,516.1558293468883
43,6,Rural,Silver,78,4.88126469108659,Evening,Premium,68,531.5385132178207
32,22,Suburban,Regular,70,3.5384397617796886,Night,Premium,28,817.3880178701008
61,41,Suburban,Silver,88,3.8642414991920697,Evening,Premium,144,471.27839748412384
88,60,Rural,Silver,33,4.3445287741266405,Evening,Economy,111,108.69138102895175
98,34,Suburban,Gold,54,4.934727872963173,Morning,Economy,141,822.6833025348328
25,15,Rural,Silver,28,4.330418699122283,Afternoon,Economy,50,350.61334018703235
54,14,Urban,Gold,18,4.2704608096306655,Morning,Premium,25,728.9486033357465
33,53,Suburban,Regular,94,4.59559632948202,Morning,Premium,117,268.4728239362861
70,9,Suburban,Regular,0,3.7955854921609675,Evening,Economy,179,428.4330171620689
40,46,Urban,Regular,93,3.8791953951333324,Afternoon,Premium,56,809.3426707316544
94,45,Suburban,Gold,56,3.547863293783804,Morning,Economy,163,652.3249554235662
57,36,Urban,Regular,20,4.177151940412566,Night,Premium,166,80.38148072514801
24,58,Urban,Regular,82,4.790355096234144,Afternoon,Economy,63,352.97397693757966
97,10,Suburban,Gold,53,4.725784363598574,Night,Economy,49,260.7019837871884
33,35,Suburban,Silver,78,3.930211859080274,Morning,Economy,147,650.7582506724989
54,52,Urban,Silver,23,3.859980664886619,Night,Premium,75,485.0543662162854
20,43,Suburban,Regular,22,4.3008748844291596,Afternoon,Economy,124,598.1892549166097
58,21,Urban,Gold,18,3.8289448425940726,Morning,Economy,153,492.3176575745189
77,78,Urban,Regular,98,3.636233016078544,Evening,Economy,69,445.64428108336693
58,82,Urban,Regular,65,4.455651798046926,Evening,Economy,98,478.39133509029693
99,75,Urban,Regular,63,4.8211788169157215,Morning,Economy,12,84.51228629157373
33,83,Suburban,Gold,96,3.6143675973235996,Night,Economy,96,439.48282818869916
35,82,Rural,Regular,66,4.034886863508241,Afternoon,Premium,76,454.3338015887318
90,54,Suburban,Regular,99,4.286204454039597,Morning,Premium,73,504.6095846655061
52,29,Rural,Gold,38,3.6879827867717188,Morning,Premium,15,77.65409688991153
80,59,Suburban,Silver,60,3.7846169610102716,Morning,Premium,110,359.5684988209496
25,16,Suburban,Gold,73,3.841972287438332,Morning,Economy,60,519.5121100598161
89,9,Suburban,Silver,0,4.998013838948246,Evening,Economy,71,477.788004819132
38,30,Rural,Silver,99,4.540494817706422,Evening,Premium,14,162.17564154406767
68,20,Urban,Regular,51,4.022812751139977,Evening,Economy,76,172.20310214555465
91,16,Rural,Regular,78,4.711501652151582,Night,Economy,35,63.858269382543234
73,61,Rural,Silver,3,4.439436695427147,Evening,Economy,61,539.2235053608479
74,52,Suburban,Regular,11,4.060582175134877,Afternoon,Economy,157,587.2345585183193
44,72,Rural,Silver,95,3.7630410115004067,Afternoon,Premium,15,206.9345780588639
48,51,Rural,Gold,53,3.771002714337421,Afternoon,Premium,72,243.7114172969055
72,85,Rural,Silver,73,4.2369656361762775,Night,Economy,169,766.372728239787
74,78,Suburban,Silver,71,4.488720397098077,Night,Economy,11,289.41965302141347
23,53,Rural,Regular,87,4.521561587739249,Afternoon,Premium,176,365.97450929397695
27,44,Suburban,Silver,57,4.345433638756888,Morning,Premium,144,471.19200529671934
40,33,Urban,Regular,91,3.69715058064545,Night,Premium,48,64.92688801748541
95,29,Urban,Silver,76,4.409864278504775,Evening,Economy,48,457.78810365431593
80,67,Suburban,Regular,45,4.5032464049427965,Evening,Premium,65,90.14224109556704
43,9,Rural,Regular,32,3.6217924593777973,Evening,Economy,124,538.5762778927418
80,41,Suburban,Silver,77,4.754301874708289,Night,Premium,90,588.9870240487488
72,81,Rural,Silver,47,4.429422920426318,Evening,Premium,49,446.2546605977997
59,54,Rural,Silver,6,3.5327532890419677,Evening,Premium,176,517.1101860988556
36,52,Urban,Gold,60,4.800020480211815,Evening,Premium,58,711.4840333544751
44,72,Suburban,Gold,83,3.9792635435464763,Night,Premium,95,320.78155641606253
33,51,Suburban,Gold,79,4.982373782253125,Morning,Premium,90,173.06281547774051
55,71,Rural,Regular,57,3.7093643002288617,Afternoon,Premium,25,83.48641376059996
62,44,Rural,Regular,9,4.430397619229961,Evening,Premium,23,722.9752291881625
28,88,Rural,Silver,36,3.640645269175612,Evening,Economy,56,254.97263460437512
84,80,Urban,Regular,60,4.204010576259158,Morning,Premium,157,133.63276974639678
78,7,Rural,Silver,57,3.5372284820514066,Afternoon,Premium,171,477.21035344648595
33,72,Suburban,Silver,40,3.921113871563119,Evening,Economy,70,423.95105571052505
58,5,Urban,Gold,51,4.539861014218246,Night,Premium,163,432.61780736547155
74,60,Suburban,Regular,22,4.627346554083736,Morning,Premium,85,597.0834742719402
67,57,Urban,Silver,80,4.750823959741613,Evening,Premium,31,676.7151051121649
37,76,Suburban,Regular,95,4.08311243722372,Night,Premium,58,79.68435535008524
25,59,Rural,Silver,93,4.73508553103138,Afternoon,Premium,100,238.34738352950615
66,71,Suburban,Gold,49,3.577219827383288,Night,Economy,158,299.6657134189186
31,13,Rural,Regular,65,4.4005006103080975,Evening,Economy,100,147.44403911611215
26,38,Suburban,Gold,97,4.509041991937078,Morning,Premium,88,555.9726874890347
46,12,Rural,Regular,63,3.7717955452349687,Night,Premium,23,342.31529538179905
34,38,Suburban,Regular,74,4.173880200466074,Night,Economy,115,314.03048112740635
48,56,Rural,Gold,61,3.8949112743994587,Afternoon,Premium,168,291.359762466026
62,58,Suburban,Regular,83,4.709480280529087,Morning,Premium,136,174.15647302059264
90,27,Suburban,Silver,69,3.785931077772563,Evening,Premium,24,692.7672063038472
21,7,Rural,Gold,47,4.147296128587352,Morning,Premium,176,268.54652345567035
83,66,Urban,Silver,74,3.917704145074516,Morning,Economy,164,779.826004268614
81,78,Rural,Silver,57,4.425244862132626,Afternoon,Economy,27,483.1722680856964
80,62,Suburban,Gold,30,4.629191209200442,Afternoon,Economy,45,343.33683791769613
54,39,Rural,Gold,25,4.994601172309846,Evening,Economy,110,136.1830329236821
59,76,Urban,Silver,87,3.783780176210741,Evening,Economy,92,291.44251035243605
92,21,Rural,Gold,87,4.821061892794928,Afternoon,Economy,156,738.0717555058934
26,78,Suburban,Regular,74,3.8488098177197183,Night,Economy,136,226.5300439753055
58,8,Rural,Silver,77,4.402986142209164,Afternoon,Premium,50,720.8211490160917
80,51,Rural,Silver,35,4.865700404491427,Evening,Premium,161,480.7596952510484
67,79,Rural,Regular,82,4.376282788813302,Evening,Economy,144,507.2991148778931
37,21,Rural,Gold,18,4.180969548927852,Evening,Premium,164,299.34670062532973
88,65,Rural,Regular,35,3.842032282028491,Afternoon,Economy,164,709.9881722961549
67,27,Rural,Silver,86,4.622163804742675,Afternoon,Economy,153,667.0260027291333
62,74,Suburban,Gold,88,4.384651300721224,Morning,Premium,50,652.6597441582293
72,21,Suburban,Gold,78,4.104492981043815,Evening,Economy,74,126.51966425418443
32,69,Urban,Gold,75,4.893781088675322,Morning,Economy,108,695.5861697057056
68,14,Urban,Gold,97,4.164854581687153,Evening,Premium,137,50.81871719138452
61,87,Rural,Regular,15,3.5912904349780885,Afternoon,Economy,93,677.5369233684705
90,67,Suburban,Regular,72,4.212197694840617,Evening,Economy,151,513.2521164568122
87,85,Suburban,Silver,8,4.298127113998207,Afternoon,Economy,17,261.49141025860206
72,26,Suburban,Regular,61,4.89118591841976,Afternoon,Economy,76,384.07891453730804
69,55,Urban,Gold,21,4.77590845381651,Morning,Premium,20,783.1692001714222
91,28,Urban,Regular,36,4.637728577796572,Evening,Economy,89,128.86009644646916
97,20,Suburban,Gold,77,4.224640597320266,Night,Premium,86,722.2398321105928
90,17,Suburban,Regular,65,4.122812125336807,Night,Premium,35,169.56023271445616
71,75,Rural,Silver,0,4.942255080031972,Evening,Premium,31,684.1861356527514
50,52,Suburban,Gold,93,3.7944396300173144,Evening,Economy,43,109.24170228929894
82,78,Urban,Gold,68,3.6937015475419965,Morning,Premium,163,611.5494623118976
24,60,Rural,Gold,7,3.8990394340356436,Evening,Premium,136,559.4392504421819
26,39,Suburban,Regular,30,4.121756799536042,Afternoon,Economy,115,767.3574783302115
97,64,Rural,Regular,29,4.7145289367710586,Morning,Premium,156,337.6982247157525
97,8,Suburban,Silver,89,4.628825345032664,Afternoon,Economy,171,707.010139142311
37,46,Urban,Silver,40,4.600385510613973,Night,Premium,29,737.1985535172654
64,75,Rural,Silver,39,4.924499286716118,Morning,Economy,140,398.8293373858788
47,12,Rural,Silver,41,4.807559668296811,Night,Economy,93,634.1571869438354
45,49,Rural,Gold,51,3.5744783370512225,Night,Premium,135,745.6604015171675
97,51,Suburban,Regular,16,3.98096741175248,Afternoon,Economy,69,820.6313930109322
36,14,Suburban,Regular,95,4.38288644430138,Night,Premium,44,295.02067243132757
92,63,Rural,Gold,53,4.398384339828565,Afternoon,Premium,25,391.1274160004116
45,43,Suburban,Silver,89,4.677734443824034,Afternoon,Premium,51,171.99324012792883
30,18,Suburban,Regular,51,3.5396378563061215,Evening,Economy,68,424.9227749280362
77,24,Suburban,Regular,8,4.492199275141978,Evening,Premium,147,199.3555343014613
87,66,Urban,Regular,97,4.371098373740049,Evening,Premium,174,314.9360127948686
55,5,Rural,Silver,96,3.9518825808874825,Evening,Economy,115,153.2339054523723
68,84,Urban,Regular,78,3.923504342165558,Evening,Premium,166,378.9961974765823
63,34,Rural,Regular,36,4.300798831075271,Night,Premium,148,192.7351051658057
72,72,Urban,Regular,87,3.785813694906991,Afternoon,Economy,26,731.846096001532
33,50,Urban,Silver,42,3.799770769246063,Evening,Premium,56,654.7214101952883
89,19,Urban,Gold,50,4.328317062547629,Evening,Premium,133,353.68170430282015
80,25,Rural,Gold,84,4.57122567514439,Morning,Economy,11,58.582658127544704
31,84,Suburban,Silver,82,4.145420971492227,Night,Premium,28,354.8486691998081
81,68,Suburban,Gold,53,4.145905144954598,Evening,Economy,76,509.33456789580737
59,40,Urban,Gold,36,3.932475046533968,Evening,Premium,109,277.8009882023654
20,34,Urban,Silver,81,4.491660686050436,Night,Premium,83,391.93753496484015
67,19,Suburban,Gold,5,3.6008278215014937,Morning,Economy,142,715.8299236907377
42,39,Rural,Gold,32,4.2201643601993695,Night,Premium,25,649.6549786417495
64,88,Suburban,Gold,52,3.9278815403566063,Morning,Premium,175,118.23189985427301
64,52,Suburban,Regular,61,4.146042003329905,Afternoon,Economy,89,195.3735438963519
87,14,Rural,Gold,77,4.724048702151132,Afternoon,Economy,174,305.9596885330516
49,23,Rural,Gold,79,3.5534940394394297,Afternoon,Economy,104,402.8665622734391
36,56,Urban,Silver,8,4.815025470442057,Morning,Economy,137,625.4527532650578
40,6,Urban,Silver,88,3.5970630213191956,Afternoon,Economy,64,298.26300021152286
87,68,Urban,Regular,13,4.680540017807564,Evening,Economy,37,177.9269418594448
59,17,Rural,Gold,2,4.782971333791898,Morning,Economy,64,513.8620233715794
34,42,Rural,Silver,10,4.152314143284377,Morning,Economy,122,569.5946125178189
36,78,Suburban,Gold,11,4.020911047790847,Afternoon,Premium,79,743.2324011042299
59,55,Rural,Gold,37,3.760417915750906,Afternoon,Economy,144,217.59511663104854
43,69,Suburban,Gold,75,3.569358459592177,Morning,Economy,122,566.3453106502794
93,56,Rural,Silver,71,4.305910256075796,Morning,Economy,26,215.5295925699788
93,21,Suburban,Regular,0,4.245095357142735,Evening,Economy,64,290.9667891195957
33,74,Suburban,Silver,5,3.761253570484041,Morning,Economy,28,562.350861739309
84,34,Rural,Gold,27,3.7418359754080974,Morning,Premium,15,472.8780972058064
27,56,Rural,Regular,79,3.842432114652505,Afternoon,Economy,43,96.63284565179222
67,7,Urban,Silver,14,4.548460801821202,Night,Economy,88,342.7142967956926
94,67,Rural,Regular,55,3.9464096729779605,Night,Premium,69,691.1380487906117
56,32,Rural,Regular,29,4.333340925751207,Evening,Economy,36,385.5256018790897
58,60,Urban,Silver,53,4.027334761598926,Morning,Economy,80,755.9692806065394
47,10,Suburban,Regular,82,3.6402037631933117,Evening,Economy,147,56.808026909636254
48,64,Rural,Regular,13,4.742946932354407,Afternoon,Economy,146,42.054104325327295
66,36,Urban,Gold,17,3.580693586744525,Morning,Economy,72,219.51279171386426
51,20,Urban,Regular,85,4.683720918338256,Morning,Premium,35,350.77088692685595
41,74,Urban,Regular,80,4.474762330850583,Evening,Economy,88,534.5673803745826
70,30,Urban,Gold,74,4.109900963398327,Morning,Premium,67,782.0380239750239
27,36,Urban,Regular,99,3.617438041101092,Evening,Premium,156,465.07271043279917
88,71,Rural,Gold,40,3.773381024295924,Morning,Economy,146,157.37061918607023
89,77,Rural,Gold,32,4.1433542262568395,Afternoon,Economy,37,266.69456135676626
65,47,Suburban,Silver,68,3.5667200722936347,Evening,Premium,160,179.4315290936472
86,76,Rural,Silver,94,4.4121987253755295,Morning,Economy,26,233.58603406512347
83,24,Suburban,Regular,35,4.620579708263691,Morning,Premium,132,532.0266276848006
92,46,Urban,Silver,55,3.784259244027952,Afternoon,Premium,172,162.3714439564384
84,42,Urban,Silver,73,4.697693404284182,Night,Economy,115,247.2652581906378
55,84,Urban,Gold,66,4.295634498750122,Evening,Premium,127,495.03619746569296
47,59,Rural,Silver,67,4.121304557215958,Morning,Premium,102,278.44593020566265
40,78,Urban,Gold,37,4.9561343640624145,Morning,Premium,146,590.2945245924344
56,79,Urban,Gold,51,3.7774517003155794,Evening,Premium,56,604.8742615716795
65,61,Suburban,Silver,50,4.052005879546519,Morning,Economy,169,775.9568223781629
79,6,Rural,Gold,10,3.5773412036148136,Afternoon,Economy,106,165.0212801699924
76,64,Rural,Gold,81,3.709970657367431,Night,Economy,59,649.3893835762123
95,44,Suburban,Regular,37,3.821259018577512,Night,Premium,37,616.0891374471381
35,81,Urban,Gold,47,3.709575856126514,Morning,Economy,40,501.9362288307353
86,47,Suburban,Gold,27,3.72152346929116,Afternoon,Economy,147,194.882197616163
88,24,Urban,Silver,48,4.940699191286877,Evening,Premium,154,624.6488186309077
28,85,Rural,Gold,87,3.586297524617444,Night,Premium,13,751.9701207281219
79,63,Rural,Gold,39,4.097744578911287,Evening,Economy,59,249.91176107985865
24,15,Rural,Silver,98,3.9160053450283074,Afternoon,Premium,63,550.7070974019783
71,17,Suburban,Regular,44,4.239930381307227,Afternoon,Premium,74,661.6949613646196
61,66,Rural,Silver,72,4.216669721750439,Afternoon,Premium,72,569.224402466118
71,33,Rural,Regular,42,4.338578363925053,Evening,Economy,78,733.6729176847259
74,35,Suburban,Regular,43,4.305809255323258,Night,Premium,28,285.69526390490876
32,39,Suburban,Gold,42,4.149228970889508,Evening,Premium,67,357.79684001535117
66,56,Rural,Silver,31,4.9647782399328895,Morning,Economy,144,542.2190903472812
43,85,Urban,Gold,67,3.5176598932714036,Evening,Economy,30,237.6929678539805
28,56,Rural,Gold,43,4.161697465958149,Afternoon,Premium,105,430.0410128811153
32,67,Rural,Gold,40,3.8691545445118667,Evening,Premium,10,531.9166188444026
85,63,Rural,Regular,36,3.7086522110521165,Night,Economy,109,834.8390701734011
77,24,Rural,Silver,57,4.664587204859254,Evening,Premium,69,307.98509148720643
32,69,Urban,Gold,31,3.73822053403385,Night,Economy,57,424.5049375415061
83,79,Urban,Gold,57,4.540473635358761,Evening,Premium,97,470.8196911685361
60,51,Urban,Gold,1,3.91401309845202,Night,Premium,64,334.70626531297285
98,38,Suburban,Silver,27,3.9140796967933102,Evening,Economy,169,624.447070689014
57,28,Urban,Silver,36,4.204353143105752,Night,Premium,45,745.7361907768455
68,19,Suburban,Silver,39,3.6710068230816733,Afternoon,Premium,58,349.97040752731806
78,12,Urban,Regular,6,3.674075048851665,Morning,Premium,81,826.8602603792725
77,27,Urban,Regular,64,3.7896986923971343,Night,Premium,142,223.45288820272802
67,36,Urban,Regular,75,4.511334854159156,Evening,Economy,104,330.3467290631345
87,28,Suburban,Gold,85,4.267494451567915,Afternoon,Economy,109,369.4071261725134
43,32,Urban,Silver,91,4.6584216890709955,Evening,Economy,113,495.4181422213917
35,78,Urban,Silver,80,3.5293596219106806,Morning,Premium,37,358.6843036355332
78,26,Urban,Gold,23,3.568884899654104,Morning,Premium,45,633.7613442794809
72,55,Suburban,Silver,55,4.554786453763413,Evening,Economy,166,28.173815998868264
80,73,Urban,Regular,24,3.721227602896255,Morning,Economy,52,798.8945203986049
52,22,Suburban,Regular,16,4.457858835192958,Evening,Premium,67,331.0120689240219
43,62,Suburban,Regular,17,3.6035982597423435,Night,Premium,78,705.0140235472893
41,84,Urban,Regular,89,4.173163527870981,Evening,Economy,17,483.6281674755796
70,19,Urban,Silver,66,4.876215692265379,Afternoon,Premium,124,308.5053375581433
75,23,Urban,Regular,36,4.567357603155448,Evening,Economy,168,684.4776686322002
30,61,Rural,Gold,3,4.333473223884999,Night,Economy,136,667.5259161768155
87,29,Urban,Regular,11,4.874958880404362,Evening,Economy,34,656.3720216921644
48,77,Urban,Regular,34,3.8663774197934635,Night,Premium,102,547.4196893662885
81,38,Urban,Silver,92,4.617126316135561,Afternoon,Economy,99,159.4525570664341
79,34,Urban,Regular,35,4.009969572691185,Morning,Premium,78,698.2015042658509
85,34,Suburban,Silver,63,4.437211353255283,Afternoon,Economy,12,425.0649691670232
34,25,Rural,Gold,78,4.825899503449587,Night,Premium,145,800.2815778748436
61,16,Rural,Gold,83,4.141546065686352,Evening,Economy,166,546.0450660626016
59,56,Suburban,Silver,38,3.9727853254446615,Morning,Economy,116,152.5633863718325
44,88,Urban,Silver,78,3.639436777860812,Evening,Premium,159,247.95757725255103
68,39,Suburban,Silver,1,3.5667358894407424,Afternoon,Premium,68,200.37119209743386
65,77,Urban,Gold,49,4.503680133798362,Evening,Premium,98,622.0425610443324
88,20,Urban,Regular,9,3.656394630001866,Afternoon,Economy,72,756.8335131393587
47,52,Urban,Regular,60,4.138326148024196,Afternoon,Premium,88,31.930385027761176
46,41,Urban,Gold,5,3.5678717823494335,Night,Economy,82,379.50896353296156
78,63,Rural,Silver,68,4.1477360769290845,Morning,Economy,130,760.9094459947422
81,35,Suburban,Regular,40,3.9421920878796843,Evening,Premium,107,561.7830991607822
77,18,Suburban,Regular,70,3.7854876747813986,Morning,Economy,101,230.05269060861784
45,60,Suburban,Gold,80,4.579241700021374,Evening,Economy,98,649.2228482413757
98,67,Rural,Gold,15,4.034928230514371,Afternoon,Economy,17,317.3001453063828
70,59,Rural,Regular,40,4.176379649563007,Afternoon,Premium,16,713.250314029741
82,42,Urban,Regular,95,3.687287973206791,Evening,Economy,39,363.5786839781818
60,11,Suburban,Gold,28,4.195132629093021,Evening,Premium,53,554.170850289558
83,43,Suburban,Regular,73,4.412565209777789,Night,Economy,115,113.72072925067944
56,82,Rural,Gold,5,4.105753130477005,Morning,Premium,94,149.07619975134344
89,67,Suburban,Gold,12,4.482031454873311,Morning,Premium,69,581.7771915032962
96,37,Rural,Silver,19,4.174006443392635,Night,Economy,156,364.8202793419929
21,57,Suburban,Gold,80,3.8129896138419173,Night,Economy,132,640.97180731959
68,61,Rural,Silver,67,3.5275174819705812,Afternoon,Premium,108,545.1218009394472
58,11,Rural,Silver,33,3.6285014854235467,Evening,Economy,73,680.8499920820685
59,85,Rural,Silver,74,4.767222414214951,Afternoon,Economy,53,268.2425644569697
86,34,Suburban,Gold,48,4.217218712311766,Evening,Premium,55,504.91823531296296
42,45,Rural,Silver,52,3.9147344530493413,Evening,Economy,105,184.8112738240084
73,50,Suburban,Regular,18,3.8295789907289426,Night,Economy,17,597.2543144434356
55,45,Suburban,Gold,83,4.844001126202778,Afternoon,Premium,79,414.3574596906428
67,40,Rural,Regular,74,3.662095270237147,Afternoon,Economy,90,386.5099072262063
21,32,Rural,Gold,17,4.291533402790584,Morning,Premium,129,276.7488920666774
61,34,Urban,Silver,92,4.110043129985122,Morning,Economy,15,686.267919682408
21,16,Suburban,Regular,41,4.057712805439203,Night,Economy,174,584.8639023316101
48,58,Suburban,Silver,14,4.959322605697273,Morning,Premium,96,554.7063160042395
81,6,Suburban,Silver,27,3.655416377627581,Evening,Economy,71,290.2977105013637
71,70,Urban,Regular,47,4.640755313156271,Morning,Economy,56,559.3464180586801
32,85,Rural,Gold,9,4.094477932436467,Morning,Economy,48,688.0863834076806
94,36,Suburban,Silver,49,3.810676321105329,Evening,Premium,26,442.0595749821049
87,20,Urban,Gold,31,4.531132269182116,Afternoon,Premium,77,731.3474063515495
87,18,Suburban,Gold,0,4.8470244677889935,Morning,Premium,79,487.02572661463535
46,71,Urban,Silver,80,4.183610529448634,Morning,Premium,147,259.91759847607045
94,16,Urban,Silver,74,3.6323032009934453,Afternoon,Economy,108,632.2897069695294
77,42,Rural,Gold,28,3.861225850507287,Night,Economy,135,306.161667028946
40,15,Urban,Regular,30,4.106421410325861,Evening,Premium,55,566.4705589888749
84,54,Suburban,Regular,75,4.91570558239675,Afternoon,Economy,144,405.88208098163136
55,50,Urban,Regular,49,4.459339246893785,Morning,Premium,104,630.8889751419888
95,68,Rural,Regular,39,4.676690165120656,Evening,Premium,36,777.9568185211427
75,46,Urban,Silver,37,4.7290341088656955,Night,Economy,62,606.2466793431448
86,85,Suburban,Gold,49,3.942451285756786,Afternoon,Premium,43,685.3728238855165
80,29,Suburban,Regular,79,3.7058699938412314,Evening,Premium,169,649.5629607294908
57,47,Suburban,Gold,51,4.2008328992661745,Evening,Economy,50,516.3673446143638
90,44,Suburban,Gold,72,4.192377131379552,Evening,Premium,58,638.6273583999708
23,60,Suburban,Regular,74,3.9678880273689168,Night,Premium,18,791.9899283111716
40,21,Suburban,Regular,98,4.068413200098745,Night,Economy,93,141.58590074312303
27,19,Suburban,Gold,14,4.790877437624628,Evening,Economy,54,558.8921755371887
34,78,Urban,Regular,92,3.7329247963238785,Afternoon,Economy,125,327.1959443286321
73,15,Suburban,Silver,4,4.621259148434285,Afternoon,Premium,131,248.41537920241788
35,66,Suburban,Regular,87,4.072257338036811,Evening,Economy,146,668.4537370290495
92,86,Rural,Regular,78,3.8298963609698666,Morning,Economy,23,248.52067322680537
36,64,Suburban,Regular,49,4.890998575806376,Night,Economy,135,111.20122922784252
87,87,Suburban,Gold,96,4.196308535300052,Morning,Premium,150,814.5864937332224
30,53,Suburban,Gold,42,3.584303468314281,Morning,Economy,174,123.11329352286651
90,62,Suburban,Regular,28,3.5547081923659674,Afternoon,Economy,47,38.99493088918598
93,9,Urban,Regular,45,4.1495518139639325,Afternoon,Premium,45,631.4308991423046
68,62,Suburban,Silver,30,3.6356418743226713,Afternoon,Economy,72,585.6745159870148
57,25,Suburban,Gold,92,4.038282899606004,Night,Economy,171,375.4897292560563
59,42,Suburban,Silver,49,4.855329438036213,Afternoon,Economy,139,117.32155945115561
67,12,Suburban,Regular,13,3.67256234514711,Night,Premium,142,581.6539985464251
46,23,Suburban,Gold,89,4.090046567158617,Evening,Premium,134,428.7715297071694
22,29,Suburban,Regular,48,4.929273770788835,Morning,Premium,68,498.124179865222
69,55,Rural,Gold,99,4.201364523394577,Evening,Economy,26,766.4937924925907
28,87,Rural,Gold,61,3.647654045371471,Night,Economy,94,741.7730974064025
82,13,Suburban,Silver,68,4.403312806226445,Evening,Economy,68,378.2073621623746
31,43,Rural,Gold,19,4.058829525281318,Afternoon,Economy,17,125.4815193072356
31,56,Suburban,Regular,89,4.074765381599756,Afternoon,Premium,92,307.43645208464005
24,51,Urban,Silver,71,4.449035887214209,Morning,Premium,98,533.9581266463193
52,16,Suburban,Silver,54,4.882277697784634,Evening,Economy,32,615.933047265316
83,34,Rural,Silver,76,4.768383648531987,Morning,Economy,50,519.1449761635008
75,58,Rural,Gold,25,4.161888000617676,Evening,Economy,16,359.19893112785314
92,48,Suburban,Silver,48,4.599078349181318,Morning,Premium,122,760.1732112943736
33,61,Suburban,Regular,71,4.0236429921343095,Evening,Economy,135,188.38352745400132
31,5,Suburban,Gold,85,4.793008333929137,Morning,Economy,25,399.72802180307986
55,50,Urban,Regular,6,4.632202267610261,Morning,Economy,85,206.2724888416047
88,9,Urban,Silver,19,3.9174897295295694,Night,Premium,21,130.97587716516972
87,36,Rural,Silver,19,4.8838789912185545,Afternoon,Economy,72,331.5360787313342
53,37,Suburban,Regular,74,4.878830359155829,Morning,Economy,77,572.6280318122497
31,84,Suburban,Regular,29,4.797735626630564,Night,Economy,174,257.2229408821007
44,49,Rural,Silver,94,3.5411220975427806,Evening,Economy,62,750.3106795008024
58,9,Suburban,Gold,2,4.083972976555821,Morning,Economy,130,523.070366948638
94,39,Rural,Silver,37,3.567100631470491,Evening,Premium,85,153.74770232640904
70,49,Rural,Gold,47,3.9985645407019375,Evening,Economy,136,269.01697074555955
28,72,Rural,Regular,5,4.398776272105831,Night,Economy,58,69.4476169622114
91,63,Rural,Regular,79,4.414632000254118,Morning,Economy,67,576.8634312940069
52,81,Rural,Silver,62,3.994638058713757,Evening,Premium,100,335.4644715226906
87,16,Rural,Regular,17,4.168232574732308,Afternoon,Economy,156,519.4875621976357
66,17,Rural,Gold,53,3.8861862570906607,Night,Economy,123,526.7109672055467
40,37,Rural,Gold,16,3.513008092287443,Morning,Economy,172,704.5210402423454
67,80,Urban,Regular,57,4.2739105949667735,Afternoon,Premium,77,246.11483000909118
66,62,Rural,Gold,97,3.639421039644379,Evening,Economy,151,328.6824467301087
71,58,Urban,Regular,41,4.722089670846756,Evening,Economy,160,76.11777344964601
44,25,Rural,Gold,63,3.609596051649712,Evening,Economy,51,782.885438392931
86,13,Suburban,Gold,89,4.761757605153747,Afternoon,Premium,174,586.0820693357566
38,25,Urban,Gold,71,4.4055447617083905,Morning,Economy,111,692.5980513773656
57,75,Urban,Silver,39,4.280796088415572,Afternoon,Economy,120,783.657236235111
42,69,Rural,Regular,97,3.5521754896321616,Evening,Economy,58,265.5423889636679
80,6,Rural,Regular,25,3.8867211478716146,Afternoon,Premium,72,549.294183739921
50,23,Suburban,Gold,51,4.397752768008724,Afternoon,Economy,174,691.2632127916146
36,66,Suburban,Gold,67,4.440962854821093,Morning,Premium,42,560.8023311800533
77,27,Urban,Gold,83,3.854241911063627,Morning,Economy,11,140.80595428626353
50,84,Suburban,Silver,13,3.7630399142158417,Night,Economy,88,260.0149514050711
39,19,Rural,Regular,48,4.708393817223821,Evening,Premium,69,566.0211716956162
92,19,Urban,Silver,93,4.243908136104058,Night,Economy,179,813.7604411536269
81,68,Suburban,Silver,29,3.9691796319609614,Morning,Economy,163,665.910294924844
60,18,Rural,Gold,34,3.7723312427960343,Night,Economy,22,258.3168976879954
90,9,Suburban,Gold,73,4.0540110723889535,Night,Economy,47,452.88221653485624
99,17,Rural,Regular,70,3.7343655778698106,Afternoon,Economy,72,213.73644479908137
66,81,Suburban,Gold,3,4.58916762884663,Night,Economy,163,363.2110368007777
21,69,Urban,Silver,13,4.147394561305627,Morning,Premium,173,718.1542446373904
49,63,Urban,Silver,60,3.811181770890055,Night,Economy,120,549.374904628881
21,53,Rural,Gold,89,3.9648469314385073,Evening,Premium,47,813.348644739265
66,68,Suburban,Regular,23,4.258973099941787,Evening,Economy,176,338.56684539083034
61,21,Suburban,Silver,44,4.014194885660781,Evening,Premium,171,465.6011848065722
70,64,Suburban,Gold,51,4.909088459103427,Evening,Economy,176,480.21852951941617
71,43,Suburban,Regular,80,4.38804107552387,Afternoon,Economy,158,209.5071644735274
63,46,Rural,Gold,2,4.303327326417197,Afternoon,Economy,26,626.757771094723
69,78,Urban,Regular,61,4.180745731846395,Evening,Economy,60,598.7716672774927
37,82,Urban,Gold,62,4.484409413895715,Night,Economy,28,531.4271660502577
70,14,Suburban,Gold,0,4.170473735670137,Night,Premium,36,421.9836807327743
88,81,Rural,Silver,19,4.307875190872515,Afternoon,Economy,35,656.3586395249628
56,53,Rural,Regular,79,4.725555480674417,Night,Economy,80,492.1531700209411
70,60,Suburban,Regular,94,3.697905693113007,Afternoon,Economy,73,585.2682813592565
39,25,Suburban,Gold,83,3.6565367897430585,Afternoon,Economy,171,53.82013932239891
35,81,Suburban,Gold,93,4.852318271154877,Afternoon,Economy,161,181.31265081202673
91,35,Urban,Gold,8,3.7312931020859628,Night,Economy,78,494.57309934599385
55,13,Urban,Regular,33,4.473052522257164,Night,Economy,151,188.94389980398986
36,46,Rural,Regular,90,3.8108659643620326,Night,Economy,179,67.4619684390102
89,76,Suburban,Gold,24,3.9614154873137486,Night,Economy,179,774.8921061982954
25,5,Rural,Silver,29,4.653318757606239,Evening,Economy,179,473.679300288704
25,42,Urban,Silver,49,4.0702733186834275,Afternoon,Premium,35,390.6936567888108
34,36,Rural,Regular,84,4.598982794187473,Night,Premium,93,332.39631220470403
58,9,Urban,Silver,23,3.9604176506795197,Morning,Economy,174,213.2068136381246
91,61,Rural,Gold,16,3.904168389097935,Afternoon,Premium,124,817.9420493861786
32,39,Urban,Regular,43,3.5873382953516284,Night,Premium,136,556.1567181477277
35,12,Suburban,Regular,8,3.9926800000172618,Evening,Economy,18,443.53264790403676
48,11,Rural,Gold,57,3.7003744555592437,Afternoon,Economy,85,220.0556064610809
29,26,Urban,Silver,91,4.245921565769244,Morning,Economy,108,143.59721339979427
